<?xml version="1.0" encoding="UTF-8"?>
<project-private xmlns="http://www.netbeans.org/ns/project-private/1">
    <editor-bookmarks xmlns="http://www.netbeans.org/ns/editor-bookmarks/2" lastBookmarkId="0"/>
    <open-files xmlns="http://www.netbeans.org/ns/projectui-open-files/2">
        <group>
            <file>file:/C:/Users/Admin/Documents/NetBeansProjects/BillingSystem/src/Frames/MainFrame.java</file>
            <file>file:/C:/Users/Admin/Documents/NetBeansProjects/BillingSystem/src/Frames/Printer.java</file>
            <file>file:/C:/Users/Admin/Documents/NetBeansProjects/BillingSystem/src/Frames/ProductsDetails.java</file>
            <file>file:/C:/Users/Admin/Documents/NetBeansProjects/BillingSystem/src/Frames/inde6.png</file>
            <file>file:/C:/Users/Admin/Documents/NetBeansProjects/BillingSystem/src/Frames/Demo.java</file>
            <file>file:/C:/Users/Admin/Documents/NetBeansProjects/BillingSystem/src/Frames/Data.csv</file>
            <file>file:/C:/Users/Admin/Documents/NetBeansProjects/BillingSystem/src/Frames/Bill.java</file>
        </group>
    </open-files>
</project-private>
