kuldeepiatv1234@gmail.com123Computer ScienceRed Hathttps://books.goalkicker.com/CBook/
kuldeepiatv1234@gmail.com123kuldeepiatv1234@gmail.com123Computer ScienceValue(YearOfEra,4,19,EXCEEDS_PAD)'/'Value(MonthOfYear,2)'/'Value(DayOfMonth,2)' 'Value(HourOfDay,2)':'Value(MinuteOfHour,2)':'Value(SecondOfMinute,2)IBMChoose e-book
kuldeepiatv1234@gmail.com123Computer ScienceValue(YearOfEra,4,19,EXCEEDS_PAD)'/'Value(MonthOfYear,2)'/'Value(DayOfMonth,2)' 'Value(HourOfDay,2)':'Value(MinuteOfHour,2)':'Value(SecondOfMinute,2)Red HatChoose e-book
kuldeepiatv1234@gmail.com123Computer ScienceValue(YearOfEra,4,19,EXCEEDS_PAD)'/'Value(MonthOfYear,2)'/'Value(DayOfMonth,2)' 'Value(HourOfDay,2)':'Value(MinuteOfHour,2)':'Value(SecondOfMinute,2)Red Hathttp://www2.nsru.ac.th/tung/java_doc/Core%20Java%20Volume%20I-%20Fundamentals%209th%20Edition-%20Horstmann,%20Cay%20S.%20&%20Cornell,%20Gary_2013.pdf#page=7&zoom=80,-327,792
kuldeepiatv1234@gmail.com123kuldeepiatv1234@gmail.com123kuldeepiatv1234@gmail.com123Computer ScienceRed Hathttps://books.goalkicker.com/CBook/2020/03/21 12:18:24
kuldeepiatv1234@gmail.com123Computer ScienceRed Hathttps://barathiraju.files.wordpress.com/2009/11/redhat-certified-engineer-linux-study-guide1.pdf#page=3&zoom=auto,-99,7752020/03/21 12:19:17
kuldeepiatv1234@gmail.com123:::2020/03/21 12:25:49     Computer Science    Red Hat    http://www2.nsru.ac.th/tung/java_doc/Core%20Java%20Volume%20I-%20Fundamentals%209th%20Edition-%20Horstmann,%20Cay%20S.%20&%20Cornell,%20Gary_2013.pdf#page=7&zoom=80,-327,792:::2020/03/21 12:26:38
kuldeepiatv1234@gmail.com123gvc:::2020/03/21 12:30:58   kuldeepiatv1234@gmail.com123:::2020/03/21 12:31:37     Information Technology    Plane IT    Information Technology:::2020/03/21 12:33:29
try@gmail.com123:::2020/03/21 12:56:50   try@gmail.com12345:::2020/03/21 12:56:56   try@gmail.com1234:::2020/03/21 12:57:00     Computer Science    Red Hat    https://www.alljntuworld.in/download/engineering-mathematics-1-m1-materials-notes/:::2020/03/21 12:57:14
kuldeepiatv1234@gmail.com123:::2020/03/21 16:21:45   kuldeepiatv1234@gmail.com123:::2020/03/21 16:23:25   kuldeepiatv1234@gmail.com123:::2020/03/21 16:24:48   kuldeepiatv1234@gmail.com123:::2020/03/21 16:25:13   kuldeepiatv1234@gmail.com123:::2020/03/21 16:26:36   kuldeepiatv1234@gmail.com123:::2020/03/21 16:27:12   kuldeepiatv1234@gmail.com123:::2020/03/21 16:28:38   kuldeepiatv1234@gmail.com123:::2020/03/21 16:38:53     Choose Branch    null    null:::2020/03/21 16:39:02
kuldeepiatv1234@gmail.com123:::2020/03/21 17:31:49   try@gmail.com1234:::2020/03/21 19:49:22     Computer Science    Choose Subject    null:::2020/03/21 19:49:26
kuldeepiatv1234@gmail.com123:::2020/03/22 18:03:36     Civil    Building Construction & Design Engineering    https://epdf.pub/download/machinerys-handbookf71d975444dde258e9c6462f6806d13375117.html:::2020/03/22 18:04:31
kuldeepiatv1234@gmail.com123:::2020/03/22 18:35:40     Computer Science    Red Hat    Select e-book for download:::2020/03/22 18:35:54
kuldeepiatv1234@gmail.com123:::2020/03/22 18:40:24     Choose Branch    null    null:::2020/03/22 18:40:26
divyansh@gmail.com1234:::2020/03/24 15:28:41   divyansh@gmail.com12345:::2020/03/24 15:28:49     Computer Science    Red Hat    https://www.alljntuworld.in/download/engineering-mathematics-1-m1-materials-notes/:::2020/03/24 15:29:08
p@gmail.com1:::2020/04/04 18:11:44     Computer Science    Red Hat    https://www.alljntuworld.in/download/engineering-mathematics-2-m-2-materials-notes/:::2020/04/04 18:11:53
k@gmail.com123:::2020/04/10 17:08:20   k@gmail.com1234:::2020/04/10 17:08:26   kuldeepiatv1234@gmail.com12:::2020/04/12 12:35:13   kuldeepiatv1234@gmail.com1:::2020/04/12 12:39:01   kuldeepiatv1234@gmail.com1:::2020/04/12 12:40:01   kuldeepiatv1234@gmail.com1:::2020/04/12 12:47:16   