<?xml version="1.0" encoding="UTF-8"?>
<project-private xmlns="http://www.netbeans.org/ns/project-private/1">
    <editor-bookmarks xmlns="http://www.netbeans.org/ns/editor-bookmarks/2" lastBookmarkId="0"/>
    <open-files xmlns="http://www.netbeans.org/ns/projectui-open-files/2">
        <group>
            <file>file:/C:/Users/Admin/Documents/NetBeansProjects/ELibrary/web/AfterLogin.html</file>
            <file>file:/C:/Users/Admin/Documents/NetBeansProjects/ELibrary/src/java/Servlet/AfterLogin.java</file>
            <file>file:/C:/Users/Admin/Documents/NetBeansProjects/ELibrary/src/java/Servlet/ContactServlet.java</file>
            <file>file:/C:/Users/Admin/Documents/NetBeansProjects/ELibrary/src/java/Servlet/DownloadServlet.java</file>
            <file>file:/C:/Users/Admin/Documents/NetBeansProjects/ELibrary/src/java/Servlet/HomeServlet.java</file>
            <file>file:/C:/Users/Admin/Documents/NetBeansProjects/ELibrary/src/java/Servlet/LoginServlet.java</file>
            <file>file:/C:/Users/Admin/Documents/NetBeansProjects/ELibrary/src/java/Servlet/RegisterServlet.java</file>
            <file>file:/C:/Users/Admin/Documents/NetBeansProjects/ELibrary/web/register.html</file>
            <file>file:/C:/Users/Admin/Documents/NetBeansProjects/ELibrary/web/Login.html</file>
        </group>
    </open-files>
</project-private>
